{
	"vertexPositions": [
		0.0,
		0.0,
		0.0,
		5.0,
		0.0,
		0.0,
		0.0,
		5.0,
		0.0
	],
	"vertexNormals": [
		0.000000,
		0.000000,
		1.000000,
		0.000000,
		0.000000,
		1.000000,
		0.000000,
		0.000000,
		1.000000
	],
	"vertexFrontcolors": [
		1,
		0,
		0,
		0,
		1,
		0,
		0,
		0,
		1
	],
	"vertexBackcolors": [
		0,
		1,
		1,
		1,
		0,
		1,
		1,
		1,
		0
	]
}